Country Name,Country Code,Indicator Name,Indicator Code,2015,2016,2017,2018,2019,2020,2021,2022,2023,2024
Aruba,ABW,"Life expectancy at birth, total (years)",SP.DYN.LE00.IN,75.405,75.54,75.62,75.88,76.019,75.406,73.655,76.226,76.353,76.5
Africa Eastern and Southern,AFE,"Life expectancy at birth, total (years)",SP.DYN.LE00.IN,61.71303052,62.16798132,62.5912751,63.33069136,63.85726128,63.766484,62.97999919,64.48715179,65.14622792,65.34993047
Afghanistan,AFG,"Life expectancy at birth, total (years)",SP.DYN.LE00.IN,62.27,62.646,62.406,62.443,62.941,61.454,60.417,65.617,66.035,66.289
Africa Western and Central,AFW,"Life expectancy at birth, total (years)",SP.DYN.LE00.IN,56.03851892,56.39259824,56.62662156,57.03710429,57.14995634,57.36473597,57.36273613,57.98784994,58.85573981,59.04981109
Angola,AGO,"Life expectancy at birth, total (years)",SP.DYN.LE00.IN,61.042,61.619,62.122,62.622,63.051,63.116,62.958,64.246,64.617,64.805
Albania,ALB,"Life expectancy at birth, total (years)",SP.DYN.LE00.IN,78.358,78.643,78.9,79.238,79.467,77.824,76.844,78.769,79.602,79.776
Andorra,AND,"Life expectancy at birth, total (years)",SP.DYN.LE00.IN,84.532,84.489,84.359,84.242,84.098,79.418,82.331,84.016,84.041,84.188
Arab World,ARB,"Life expectancy at birth, total (years)",SP.DYN.LE00.IN,70.65801237,70.89648812,71.11285601,71.43129979,71.83989327,70.72655881,70.40411449,71.8760956,72.44467836,72.72180503
United Arab Emirates,ARE,"Life expectancy at birth, total (years)",SP.DYN.LE00.IN,82.076,82.195,82.388,82.449,82.596,81.936,79.083,80.487,82.909,83.069
Argentina,ARG,"Life expectancy at birth, total (years)",SP.DYN.LE00.IN,76.6,76.105,76.543,76.77,76.847,75.878,73.948,75.806,77.395,77.543
Armenia,ARM,"Life expectancy at birth, total (years)",SP.DYN.LE00.IN,74.87073171,74.86829268,75.21707317,75.6195122,76.22195122,73.37560976,72.27804878,74.76585366,77.46585366,78.3195122
American Samoa,ASM,"Life expectancy at birth, total (years)",SP.DYN.LE00.IN,72.654,72.64,72.801,72.794,72.751,72.672,72.708,72.752,72.852,72.992
Antigua and Barbuda,ATG,"Life expectancy at birth, total (years)",SP.DYN.LE00.IN,76.892,76.968,77.03,77.132,77.168,77.161,77.197,77.483,77.598,77.766
Australia,AUS,"Life expectancy at birth, total (years)",SP.DYN.LE00.IN,82.4,82.44878049,82.5,82.74878049,82.9,83.2,83.3,83.2,83.05121951,83.05121951
Austria,AUT,"Life expectancy at birth, total (years)",SP.DYN.LE00.IN,81.1902439,81.64146341,81.64390244,81.69268293,81.89512195,81.19268293,81.1902439,81.29512195,81.79268293,81.99512195
Azerbaijan,AZE,"Life expectancy at birth, total (years)",SP.DYN.LE00.IN,72.349,72.568,72.694,73.016,73.29,70.312,70.999,74.125,74.429,74.576
Burundi,BDI,"Life expectancy at birth, total (years)",SP.DYN.LE00.IN,60.107,60.789,61.345,61.806,62.18,62.569,62.101,62.882,63.651,63.818
Belgium,BEL,"Life expectancy at birth, total (years)",SP.DYN.LE00.IN,80.99268293,81.43902439,81.49268293,81.59512195,81.99512195,80.69512195,81.7902439,81.74878049,82.4,82.3
Benin,BEN,"Life expectancy at birth, total (years)",SP.DYN.LE00.IN,59.123,59.283,59.528,59.71,59.888,60.154,59.61,60.475,60.774,60.961
Burkina Faso,BFA,"Life expectancy at birth, total (years)",SP.DYN.LE00.IN,58.778,59.173,59.578,59.972,60.184,60.454,60.046,60.7,61.092,61.292
Bangladesh,BGD,"Life expectancy at birth, total (years)",SP.DYN.LE00.IN,70.543,71.075,71.606,72.122,72.625,71.421,71.103,74.265,74.672,74.93
Bulgaria,BGR,"Life expectancy at birth, total (years)",SP.DYN.LE00.IN,74.61463415,74.81219512,74.81463415,74.96341463,75.11219512,73.35609756,71.21219512,74.16097561,75.75609756,75.76097561
Bahrain,BHR,"Life expectancy at birth, total (years)",SP.DYN.LE00.IN,80.338,80.407,80.407,80.412,80.471,78.683,78.083,80.992,81.284,81.423
"Bahamas, The",BHS,"Life expectancy at birth, total (years)",SP.DYN.LE00.IN,73.805,74.042,74.031,74.062,71.408,72.994,70.752,74.491,74.552,74.71
Bosnia and Herzegovina,BIH,"Life expectancy at birth, total (years)",SP.DYN.LE00.IN,77.073,77.124,77.385,77.942,77.394,76.04,74.567,76.777,77.85,78.044
Belarus,BLR,"Life expectancy at birth, total (years)",SP.DYN.LE00.IN,73.62439024,73.82682927,74.12926829,74.17560976,74.22682927,72.13856098,72.07146341,74.10336585,74.18378049,74.36534146
Belize,BLZ,"Life expectancy at birth, total (years)",SP.DYN.LE00.IN,71.647,71.843,72.062,72.322,72.577,71.58,70.917,72.19,73.566,73.739
Bermuda,BMU,"Life expectancy at birth, total (years)",SP.DYN.LE00.IN,80.338,80.476,80.686,80.986,81.251,81.456,81.745,82.062,82.309,82.49
Bolivia,BOL,"Life expectancy at birth, total (years)",SP.DYN.LE00.IN,67.205,67.392,67.536,67.699,67.82,62.906,61.427,67.434,68.581,68.739
Brazil,BRA,"Life expectancy at birth, total (years)",SP.DYN.LE00.IN,75.106,75.081,75.383,75.633,75.809,74.506,73.038,74.872,75.848,76.023
Barbados,BRB,"Life expectancy at birth, total (years)",SP.DYN.LE00.IN,76.055,76.168,76.237,76.378,76.495,76.647,76.58,75.676,76.178,76.332
Brunei Darussalam,BRN,"Life expectancy at birth, total (years)",SP.DYN.LE00.IN,74.88,74.905,74.943,74.992,75.049,75.114,74.869,72.917,75.327,75.501
Bhutan,BTN,"Life expectancy at birth, total (years)",SP.DYN.LE00.IN,70.797,71.119,71.413,71.711,72.005,72.253,72.448,72.754,72.975,73.262
Botswana,BWA,"Life expectancy at birth, total (years)",SP.DYN.LE00.IN,63.215,64.32,65.42,66.371,67.167,67.643,63.303,68.749,69.163,69.293
Central African Republic,CAF,"Life expectancy at birth, total (years)",SP.DYN.LE00.IN,51.934,50.999,45.231,52.297,31.53,50.596,40.279,18.818,57.408,57.671
Canada,CAN,"Life expectancy at birth, total (years)",SP.DYN.LE00.IN,81.82585366,81.94,81.80780488,81.80365854,82.15853659,81.53,81.45146341,81.09487805,81.62634146,82.10804878
Central Europe and the Baltics,CEB,"Life expectancy at birth, total (years)",SP.DYN.LE00.IN,76.57551198,76.97030623,76.92978872,76.97643808,77.26591419,76.01627013,74.72328279,76.65229873,77.75803847,77.91809515
Switzerland,CHE,"Life expectancy at birth, total (years)",SP.DYN.LE00.IN,82.89756098,83.60243902,83.55121951,83.75365854,83.90487805,83.0,83.75121951,83.60487805,84.15609756,84.40731707
Channel Islands,CHI,"Life expectancy at birth, total (years)",SP.DYN.LE00.IN,81.4,81.2,81.0,81.1,81.2,80.9,80.3,81.0,81.1,81.2
Chile,CHL,"Life expectancy at birth, total (years)",SP.DYN.LE00.IN,80.008,80.295,80.61,80.559,80.324,79.349,78.876,79.176,81.167,81.359
China,CHN,"Life expectancy at birth, total (years)",SP.DYN.LE00.IN,76.975,77.214,77.235,77.709,77.94,78.019,78.117,78.202,77.953,78.017
Cote d'Ivoire,CIV,"Life expectancy at birth, total (years)",SP.DYN.LE00.IN,58.281,58.814,59.315,59.795,60.274,60.14,60.29,61.562,61.944,62.11
Cameroon,CMR,"Life expectancy at birth, total (years)",SP.DYN.LE00.IN,59.687,60.293,60.817,61.189,61.695,61.674,61.146,62.443,63.7,63.968
"Congo, Dem. Rep.",COD,"Life expectancy at birth, total (years)",SP.DYN.LE00.IN,58.658,59.081,59.495,59.926,60.242,60.428,60.044,60.979,61.895,62.074
"Congo, Rep.",COG,"Life expectancy at birth, total (years)",SP.DYN.LE00.IN,63.662,63.911,64.203,64.472,63.152,64.391,64.192,65.0,65.772,66.001
Colombia,COL,"Life expectancy at birth, total (years)",SP.DYN.LE00.IN,76.067,76.228,76.418,76.579,76.793,74.757,72.698,76.508,77.725,77.913
Comoros,COM,"Life expectancy at birth, total (years)",SP.DYN.LE00.IN,64.473,64.792,65.127,65.401,65.662,65.756,65.201,66.481,66.777,67.023
Cabo Verde,CPV,"Life expectancy at birth, total (years)",SP.DYN.LE00.IN,74.096,74.35,74.71,74.84,75.449,73.818,74.424,75.907,76.059,76.224
Costa Rica,CRI,"Life expectancy at birth, total (years)",SP.DYN.LE00.IN,80.407,79.988,79.994,80.09,80.296,79.725,78.05,79.316,80.799,80.996
Caribbean small states,CSS,"Life expectancy at birth, total (years)",SP.DYN.LE00.IN,71.86410217,72.05163612,72.17310416,72.2210854,72.12926048,71.93943593,69.92281075,72.83229211,73.171645,73.31266713
Cuba,CUB,"Life expectancy at birth, total (years)",SP.DYN.LE00.IN,77.745,77.571,77.3,77.426,77.413,77.407,73.201,77.629,78.085,78.264
Curacao,CUW,"Life expectancy at birth, total (years)",SP.DYN.LE00.IN,76.482,76.322,76.423,76.493,76.492,76.501,75.686,76.729,76.8,76.989
Cayman Islands,CYM,"Life expectancy at birth, total (years)",SP.DYN.LE00.IN,78.119,78.367,78.615,78.835,79.052,79.23,79.3,79.984,80.358,80.54
Cyprus,CYP,"Life expectancy at birth, total (years)",SP.DYN.LE00.IN,81.464,81.534,81.543,81.556,81.454,81.23,80.573,80.434,81.648,81.821
Czechia,CZE,"Life expectancy at birth, total (years)",SP.DYN.LE00.IN,78.57804878,79.02682927,78.97804878,79.02926829,79.22926829,78.22682927,77.22195122,78.92926829,79.82682927,79.97804878
Germany,DEU,"Life expectancy at birth, total (years)",SP.DYN.LE00.IN,80.64146341,80.9902439,80.99268293,80.89268293,81.29268293,81.04146341,80.7902439,80.60804878,81.04146341,80.79268293
Djibouti,DJI,"Life expectancy at birth, total (years)",SP.DYN.LE00.IN,62.833,63.335,63.71,64.105,64.381,64.2,63.83,65.54,65.987,66.202
Dominica,DMA,"Life expectancy at birth, total (years)",SP.DYN.LE00.IN,69.968,71.189,68.62,71.378,71.305,71.269,69.832,71.081,71.132,71.294
Denmark,DNK,"Life expectancy at birth, total (years)",SP.DYN.LE00.IN,80.70243902,80.85365854,81.10243902,80.95365854,81.45121951,81.60243902,81.40487805,81.30487805,81.75365854,82.25365854
Dominican Republic,DOM,"Life expectancy at birth, total (years)",SP.DYN.LE00.IN,72.982,72.889,73.37,73.555,73.112,72.636,71.757,74.211,73.72,73.868
Algeria,DZA,"Life expectancy at birth, total (years)",SP.DYN.LE00.IN,75.159,75.31,75.431,75.555,75.682,73.257,75.208,76.129,76.261,76.475
East Asia & Pacific (excluding high income),EAP,"Life expectancy at birth, total (years)",SP.DYN.LE00.IN,74.95112438,75.15591177,75.23967149,75.57828618,75.76896903,75.69763933,75.27814184,75.93254094,75.88068309,75.95931617
Early-demographic dividend,EAR,"Life expectancy at birth, total (years)",SP.DYN.LE00.IN,69.63054844,69.94848371,70.27299494,70.54866599,70.84240646,69.88013085,68.17909948,71.43045525,71.79624498,72.0080315
East Asia & Pacific,EAS,"Life expectancy at birth, total (years)",SP.DYN.LE00.IN,75.79260102,75.98701667,76.07899236,76.39142294,76.5862413,76.54339469,76.15294132,76.67671671,76.65720211,76.73789488
Europe & Central Asia (excluding high income),ECA,"Life expectancy at birth, total (years)",SP.DYN.LE00.IN,73.75540826,74.03137691,74.4033539,74.59279892,74.81583406,73.55368687,72.88237621,74.57316842,74.79018877,75.14249803
Europe & Central Asia,ECS,"Life expectancy at birth, total (years)",SP.DYN.LE00.IN,77.33093841,77.68128166,77.89901517,78.0318406,78.30387161,77.1754906,76.72864297,77.83445225,78.3911328,78.59868511
Ecuador,ECU,"Life expectancy at birth, total (years)",SP.DYN.LE00.IN,76.222,76.094,76.22,77.248,77.286,72.004,72.746,76.577,77.392,77.579
"Egypt, Arab Rep.",EGY,"Life expectancy at birth, total (years)",SP.DYN.LE00.IN,70.135,70.437,70.709,70.974,71.213,69.79,68.976,71.01,71.633,71.806
Euro area,EMU,"Life expectancy at birth, total (years)",SP.DYN.LE00.IN,81.51926968,81.90745542,81.88380371,82.00276026,82.28042116,81.48735717,81.58393304,81.62297191,82.25552071,82.36584186
Eritrea,ERI,"Life expectancy at birth, total (years)",SP.DYN.LE00.IN,65.909,66.242,66.612,66.979,67.306,66.98,66.94,67.789,68.624,68.893
Spain,ESP,"Life expectancy at birth, total (years)",SP.DYN.LE00.IN,82.83170732,83.32926829,83.28292683,83.43170732,83.83170732,82.23170732,83.17804878,83.13414634,83.93414634,83.88780488
Estonia,EST,"Life expectancy at birth, total (years)",SP.DYN.LE00.IN,77.5902439,77.64146341,78.09268293,78.24390244,78.64634146,78.59512195,76.94390244,77.84390244,78.79268293,79.29512195
Ethiopia,ETH,"Life expectancy at birth, total (years)",SP.DYN.LE00.IN,63.592,64.162,64.766,65.257,65.741,65.969,65.33,66.897,67.315,67.603
European Union,EUU,"Life expectancy at birth, total (years)",SP.DYN.LE00.IN,80.57079653,80.9529786,80.93015117,81.03175101,81.31945249,80.44147547,80.30719644,80.71332604,81.42493295,81.56084661
Fragile and conflict affected situations,FCS,"Life expectancy at birth, total (years)",SP.DYN.LE00.IN,60.74499311,60.98618367,61.22968269,61.78250831,62.13795455,62.06636829,61.60868104,62.70227157,63.34994478,63.60484127
Finland,FIN,"Life expectancy at birth, total (years)",SP.DYN.LE00.IN,81.4804878,81.42926829,81.63170732,81.73414634,81.98292683,81.93170732,81.88536585,81.18780488,81.58536585,82.33658537
Fiji,FJI,"Life expectancy at birth, total (years)",SP.DYN.LE00.IN,66.48,66.657,67.06,66.965,67.009,66.924,64.904,67.148,67.316,67.463
France,FRA,"Life expectancy at birth, total (years)",SP.DYN.LE00.IN,82.32195122,82.57317073,82.57560976,82.67560976,82.82682927,82.17560976,82.32439024,82.12926829,82.83170732,82.9804878
Faroe Islands,FRO,"Life expectancy at birth, total (years)",SP.DYN.LE00.IN,81.79959756,81.9621122,82.10629268,82.24860244,82.39128293,82.53419268,82.67632195,82.81622927,82.95211951,83.08324634
"Micronesia, Fed. Sts.",FSM,"Life expectancy at birth, total (years)",SP.DYN.LE00.IN,65.306,65.576,65.761,65.943,66.196,65.878,66.152,66.961,67.198,67.357
Gabon,GAB,"Life expectancy at birth, total (years)",SP.DYN.LE00.IN,66.336,66.583,66.816,67.043,67.337,67.073,67.072,67.713,68.337,68.511
United Kingdom,GBR,"Life expectancy at birth, total (years)",SP.DYN.LE00.IN,80.95609756,81.15609756,81.25609756,81.25609756,81.36912195,80.3317561,80.64731707,81.01121951,81.23809756,81.38685366
Georgia,GEO,"Life expectancy at birth, total (years)",SP.DYN.LE00.IN,73.241,73.136,73.435,73.985,74.165,73.509,71.635,74.141,74.496,74.657
Ghana,GHA,"Life expectancy at birth, total (years)",SP.DYN.LE00.IN,63.175,63.522,63.829,64.138,64.455,64.309,64.286,65.246,65.498,65.695
Gibraltar,GIB,"Life expectancy at birth, total (years)",SP.DYN.LE00.IN,82.668,82.741,82.858,83.028,83.183,83.07,80.274,83.517,83.553,83.63
Guinea,GIN,"Life expectancy at birth, total (years)",SP.DYN.LE00.IN,57.899,58.49,58.715,59.043,59.379,59.35,59.373,60.432,60.74,60.904
"Gambia, The",GMB,"Life expectancy at birth, total (years)",SP.DYN.LE00.IN,62.971,63.386,63.708,64.034,64.427,64.418,63.847,64.859,65.86,66.057
Guinea-Bissau,GNB,"Life expectancy at birth, total (years)",SP.DYN.LE00.IN,60.071,60.619,61.148,61.652,62.161,61.343,61.653,63.605,64.085,64.254
Equatorial Guinea,GNQ,"Life expectancy at birth, total (years)",SP.DYN.LE00.IN,60.635,61.081,61.481,61.915,62.297,62.141,62.447,63.355,63.707,63.906
Greece,GRC,"Life expectancy at birth, total (years)",SP.DYN.LE00.IN,81.03658537,81.38780488,81.28780488,81.78780488,81.63902439,81.28780488,80.08292683,80.78780488,81.73658537,81.83902439
Grenada,GRD,"Life expectancy at birth, total (years)",SP.DYN.LE00.IN,75.037,75.01,74.977,74.957,74.971,75.019,74.522,75.151,75.205,75.367
Greenland,GRL,"Life expectancy at birth, total (years)",SP.DYN.LE00.IN,70.9097561,71.19902439,71.25634146,71.36097561,71.40926829,71.28585366,71.26146341,71.2302439,70.97243902,70.27341463
Guatemala,GTM,"Life expectancy at birth, total (years)",SP.DYN.LE00.IN,70.915,71.215,71.583,71.496,71.639,69.971,67.858,71.206,72.602,72.746
Guam,GUM,"Life expectancy at birth, total (years)",SP.DYN.LE00.IN,76.444,76.449,76.463,76.561,76.645,75.529,75.434,77.102,77.209,77.422
Guyana,GUY,"Life expectancy at birth, total (years)",SP.DYN.LE00.IN,67.719,68.069,68.543,68.829,69.067,67.751,64.323,69.888,70.18,70.319
High income,HIC,"Life expectancy at birth, total (years)",SP.DYN.LE00.IN,79.52431896,79.72431212,79.85362541,79.96663881,80.19926406,79.2041449,78.79816271,79.42677693,80.14962596,80.39436814
"Hong Kong SAR, China",HKG,"Life expectancy at birth, total (years)",SP.DYN.LE00.IN,84.25268293,84.21146341,84.69560976,84.8697561,85.15585366,85.49634146,85.53268293,83.66097561,85.24731707,85.39268293
Honduras,HND,"Life expectancy at birth, total (years)",SP.DYN.LE00.IN,71.323,71.615,71.805,72.001,72.124,70.864,69.492,72.715,72.884,73.044
Heavily indebted poor countries (HIPC),HPC,"Life expectancy at birth, total (years)",SP.DYN.LE00.IN,61.56189814,62.00389143,62.31529904,62.79861634,63.08986199,63.07280582,62.53146532,63.84046619,64.71591556,64.91805973
Croatia,HRV,"Life expectancy at birth, total (years)",SP.DYN.LE00.IN,77.27560976,77.92195122,77.72682927,77.9195122,78.22439024,77.52439024,76.42439024,77.57560976,78.47317073,78.92926829
Haiti,HTI,"Life expectancy at birth, total (years)",SP.DYN.LE00.IN,63.224,63.325,63.832,64.077,64.328,63.773,62.613,63.948,64.936,65.119
Hungary,HUN,"Life expectancy at birth, total (years)",SP.DYN.LE00.IN,75.56829268,76.06341463,75.81707317,76.06585366,76.3195122,75.4195122,74.06585366,75.86829268,76.57073171,76.72439024
IBRD only,IBD,"Life expectancy at birth, total (years)",SP.DYN.LE00.IN,73.03284902,73.2592309,73.48576078,73.79494395,74.03127189,73.2951357,71.97420338,74.25128211,74.51797896,74.67290861
IDA & IBRD total,IBT,"Life expectancy at birth, total (years)",SP.DYN.LE00.IN,70.37172141,70.61404865,70.83089741,71.15301635,71.39393148,70.74885035,69.66792871,71.67759888,71.99853671,72.13259684
IDA total,IDA,"Life expectancy at birth, total (years)",SP.DYN.LE00.IN,62.61359762,62.99198921,63.27374355,63.73096497,64.08856903,63.80235741,63.47742366,64.88230003,65.45352719,65.63512424
IDA blend,IDB,"Life expectancy at birth, total (years)",SP.DYN.LE00.IN,60.29449464,60.57616645,60.81839291,61.07405428,61.32599738,60.81800661,60.87653574,62.12886414,62.46216433,62.61994079
Indonesia,IDN,"Life expectancy at birth, total (years)",SP.DYN.LE00.IN,69.52,69.733,69.953,70.08,70.349,68.817,67.452,70.925,71.146,71.288
IDA only,IDX,"Life expectancy at birth, total (years)",SP.DYN.LE00.IN,63.88219189,64.31020009,64.60993321,65.17294222,65.58291385,65.41160594,64.87653066,66.3600755,67.05383938,67.242529
Isle of Man,IMN,"Life expectancy at birth, total (years)",SP.DYN.LE00.IN,80.267,80.391,80.506,80.614,80.74,80.591,80.42,80.956,80.999,81.091
India,IND,"Life expectancy at birth, total (years)",SP.DYN.LE00.IN,69.326,69.709,70.068,70.415,70.746,70.156,67.282,71.698,72.003,72.235
Ireland,IRL,"Life expectancy at birth, total (years)",SP.DYN.LE00.IN,81.45365854,81.65365854,82.15609756,82.20487805,82.70243902,82.45609756,82.25365854,82.5097561,82.80731707,83.0097561
"Iran, Islamic Rep.",IRN,"Life expectancy at birth, total (years)",SP.DYN.LE00.IN,75.907,76.155,76.396,76.621,76.855,74.141,73.752,76.799,77.654,77.854
Iraq,IRQ,"Life expectancy at birth, total (years)",SP.DYN.LE00.IN,69.977,68.683,69.788,71.116,71.245,69.651,70.704,72.037,72.324,72.424
Iceland,ISL,"Life expectancy at birth, total (years)",SP.DYN.LE00.IN,82.46829268,82.20487805,82.66097561,82.86097561,83.16341463,83.06341463,83.16585366,82.1195122,82.45609756,82.8097561
Israel,ISR,"Life expectancy at birth, total (years)",SP.DYN.LE00.IN,82.05121951,82.40731707,82.55121951,82.80243902,82.80487805,82.64878049,82.5,82.7,83.19512195,83.19756098
Italy,ITA,"Life expectancy at birth, total (years)",SP.DYN.LE00.IN,82.54390244,83.24390244,82.94634146,83.34634146,83.49756098,82.19512195,82.64634146,82.7,83.35121951,83.95121951
Jamaica,JAM,"Life expectancy at birth, total (years)",SP.DYN.LE00.IN,72.214,72.052,71.879,71.606,71.532,71.452,69.085,71.481,71.479,71.606
Jordan,JOR,"Life expectancy at birth, total (years)",SP.DYN.LE00.IN,75.06,75.55,76.071,76.491,76.865,75.583,74.204,77.088,77.814,77.981
Japan,JPN,"Life expectancy at birth, total (years)",SP.DYN.LE00.IN,83.79390244,83.98487805,84.0997561,84.21097561,84.35634146,84.56,84.44560976,83.99634146,84.04121951,84.03634146
Kazakhstan,KAZ,"Life expectancy at birth, total (years)",SP.DYN.LE00.IN,72.024,72.549,72.996,73.369,73.658,71.195,70.131,73.503,74.402,74.531
Kenya,KEN,"Life expectancy at birth, total (years)",SP.DYN.LE00.IN,62.279,62.526,62.725,62.825,62.939,61.596,61.225,63.549,63.646,63.834
Kyrgyz Republic,KGZ,"Life expectancy at birth, total (years)",SP.DYN.LE00.IN,70.65121951,70.95121951,71.2,71.4,71.6,71.8,71.9,72.04878049,72.24878049,72.4
Cambodia,KHM,"Life expectancy at birth, total (years)",SP.DYN.LE00.IN,69.398,69.635,69.842,69.993,70.127,70.059,69.301,70.528,70.668,70.817
Kiribati,KIR,"Life expectancy at birth, total (years)",SP.DYN.LE00.IN,65.831,65.799,65.787,65.807,65.866,65.205,64.148,66.269,66.473,66.6
St. Kitts and Nevis,KNA,"Life expectancy at birth, total (years)",SP.DYN.LE00.IN,71.211,71.227,71.284,71.336,71.54,71.181,69.271,70.313,72.145,72.281
"Korea, Rep.",KOR,"Life expectancy at birth, total (years)",SP.DYN.LE00.IN,82.02439024,82.27560976,82.62682927,82.62682927,83.22682927,83.42682927,83.52682927,82.6804878,83.42926829,83.62926829
Kuwait,KWT,"Life expectancy at birth, total (years)",SP.DYN.LE00.IN,79.37656098,79.67758537,79.91607317,80.10636585,81.9697561,78.76097561,78.73658537,80.58780488,83.18780488,84.5804878
Latin America & Caribbean (excluding high income),LAC,"Life expectancy at birth, total (years)",SP.DYN.LE00.IN,74.55539557,74.53064608,74.70065344,74.8906731,75.05135246,72.87592173,71.43770164,74.48972626,75.49860133,75.67308441
Lao PDR,LAO,"Life expectancy at birth, total (years)",SP.DYN.LE00.IN,66.688,67.014,67.345,67.594,67.911,68.339,67.807,68.715,68.964,69.225
Lebanon,LBN,"Life expectancy at birth, total (years)",SP.DYN.LE00.IN,78.275,78.306,78.192,78.263,78.208,76.299,73.65,78.003,77.817,77.945
Liberia,LBR,"Life expectancy at birth, total (years)",SP.DYN.LE00.IN,59.248,60.483,60.777,60.999,61.232,61.267,61.166,61.934,62.163,62.324
Libya,LBY,"Life expectancy at birth, total (years)",SP.DYN.LE00.IN,71.644,71.799,72.721,73.151,72.941,72.388,72.062,74.462,69.339,71.121
St. Lucia,LCA,"Life expectancy at birth, total (years)",SP.DYN.LE00.IN,72.932,72.552,72.522,72.655,72.249,72.308,69.119,72.67,72.697,72.846
Latin America & Caribbean,LCN,"Life expectancy at birth, total (years)",SP.DYN.LE00.IN,74.74322219,74.67748488,74.83180879,75.0527172,75.20425987,73.18893677,71.81417622,74.64720954,75.64352732,75.81791711
Least developed countries: UN classification,LDC,"Life expectancy at birth, total (years)",SP.DYN.LE00.IN,63.30497988,63.72379086,64.03405537,64.60233172,64.97250144,64.83249455,64.26741437,65.76320179,66.51610828,66.7055219
Low income,LIC,"Life expectancy at birth, total (years)",SP.DYN.LE00.IN,60.99229164,61.40181927,61.57966487,62.34009682,62.79753969,62.81836239,62.38012743,63.45834102,64.5179111,64.70151063
Liechtenstein,LIE,"Life expectancy at birth, total (years)",SP.DYN.LE00.IN,82.65609756,82.25853659,83.74634146,83.04146341,84.16097561,81.65853659,84.40243902,84.12195122,84.59512195,84.2
Sri Lanka,LKA,"Life expectancy at birth, total (years)",SP.DYN.LE00.IN,75.99,76.136,76.239,76.485,76.698,76.928,76.278,77.3,77.483,77.672
Lower middle income,LMC,"Life expectancy at birth, total (years)",SP.DYN.LE00.IN,67.3495072,67.6791939,67.99529154,68.28100336,68.55742563,68.04035634,66.3662903,69.30109468,69.59637466,69.78616153
Low & middle income,LMY,"Life expectancy at birth, total (years)",SP.DYN.LE00.IN,70.36751723,70.60594537,70.80800475,71.13417073,71.36949233,70.74835668,69.67143495,71.68492595,71.973533,72.10857562
Lesotho,LSO,"Life expectancy at birth, total (years)",SP.DYN.LE00.IN,51.83,52.908,53.874,54.638,55.249,55.133,54.209,56.812,57.375,57.798
Late-demographic dividend,LTE,"Life expectancy at birth, total (years)",SP.DYN.LE00.IN,76.07623288,76.29289972,76.41743435,76.77814894,76.99796063,76.69356381,76.3060137,76.95436731,77.12405633,77.23331363
Lithuania,LTU,"Life expectancy at birth, total (years)",SP.DYN.LE00.IN,74.32195122,74.67073171,75.4804878,75.6804878,76.28292683,75.02926829,74.03658537,75.64390244,77.2902439,77.19512195
Luxembourg,LUX,"Life expectancy at birth, total (years)",SP.DYN.LE00.IN,82.29268293,82.68536585,82.09512195,82.29512195,82.63902439,82.14390244,82.59756098,82.94634146,83.3097561,83.19512195
Latvia,LVA,"Life expectancy at birth, total (years)",SP.DYN.LE00.IN,74.4804878,74.5804878,74.62926829,74.78292683,75.38780488,75.18536585,72.9804878,74.27804878,75.42682927,76.42926829
"Macao SAR, China",MAC,"Life expectancy at birth, total (years)",SP.DYN.LE00.IN,83.22439024,83.27560976,83.52682927,83.67804878,83.92926829,84.12926829,83.72926829,83.0804878,83.1804878,83.33170732
St. Martin (French part),MAF,"Life expectancy at birth, total (years)",SP.DYN.LE00.IN,79.829,79.885,78.762,80.029,80.078,80.085,80.206,80.236,80.224,80.438
Morocco,MAR,"Life expectancy at birth, total (years)",SP.DYN.LE00.IN,72.894,73.228,73.608,73.946,74.245,73.133,73.385,75.161,75.313,75.493
Monaco,MCO,"Life expectancy at birth, total (years)",SP.DYN.LE00.IN,85.323,85.63,85.878,86.084,86.151,86.089,85.113,85.746,86.372,86.497
Moldova,MDA,"Life expectancy at birth, total (years)",SP.DYN.LE00.IN,70.118,70.179,70.375,70.236,70.181,69.914,68.991,71.546,71.198,71.332
Madagascar,MDG,"Life expectancy at birth, total (years)",SP.DYN.LE00.IN,63.362,63.431,63.433,63.491,63.504,62.706,62.516,63.068,63.632,63.835
Maldives,MDV,"Life expectancy at birth, total (years)",SP.DYN.LE00.IN,78.607,78.913,79.228,79.433,79.707,78.713,78.052,80.76,81.041,81.285
"Middle East, North Africa, Afghanistan & Pakistan",MEA,"Life expectancy at birth, total (years)",SP.DYN.LE00.IN,70.15104093,70.42886352,70.70965927,70.94032135,71.2438695,69.91107896,69.71131935,71.69172932,72.08383647,72.31464045
Mexico,MEX,"Life expectancy at birth, total (years)",SP.DYN.LE00.IN,74.431,74.376,74.261,74.301,74.53,70.449,69.75,73.973,75.069,75.264
Marshall Islands,MHL,"Life expectancy at birth, total (years)",SP.DYN.LE00.IN,65.292,65.477,65.673,65.87,66.047,65.387,65.421,66.725,66.945,67.075
Middle income,MIC,"Life expectancy at birth, total (years)",SP.DYN.LE00.IN,71.2070683,71.44218049,71.65968346,71.95979895,72.18926667,71.52111648,70.39535303,72.51720203,72.74271668,72.88759493
North Macedonia,MKD,"Life expectancy at birth, total (years)",SP.DYN.LE00.IN,75.40243902,75.4,75.95365854,76.64878049,76.60243902,74.39512195,73.24634146,74.42487805,75.31609756,76.61658537
Mali,MLI,"Life expectancy at birth, total (years)",SP.DYN.LE00.IN,57.852,58.286,58.562,58.873,59.217,58.858,59.116,60.035,60.439,60.675
Malta,MLT,"Life expectancy at birth, total (years)",SP.DYN.LE00.IN,81.79756098,82.35365854,82.19512195,82.24878049,82.65853659,82.09756098,82.25853659,82.29756098,83.35609756,82.95609756
Myanmar,MMR,"Life expectancy at birth, total (years)",SP.DYN.LE00.IN,65.288,65.64,65.909,66.232,66.457,66.612,65.553,66.506,66.889,67.095
"Middle East, North Africa, Afghanistan & Pakistan (excluding high income)",MNA,"Life expectancy at birth, total (years)",SP.DYN.LE00.IN,69.28732636,69.53283764,69.81413164,70.0733669,70.41748459,69.05063429,68.92802148,71.00553154,71.27588499,71.48718638
Montenegro,MNE,"Life expectancy at birth, total (years)",SP.DYN.LE00.IN,76.60243902,76.54146341,76.68536585,77.88536585,76.68292683,75.93170732,73.82439024,76.18780488,77.58780488,77.8902439
Mongolia,MNG,"Life expectancy at birth, total (years)",SP.DYN.LE00.IN,70.8102439,70.22390244,70.54341463,70.82707317,71.05317073,71.34902439,71.64512195,71.90073171,72.12243902,72.39804878
Northern Mariana Islands,MNP,"Life expectancy at birth, total (years)",SP.DYN.LE00.IN,77.36,77.392,77.47,77.51,77.844,78.03,78.16,78.531,78.808,78.947
Mozambique,MOZ,"Life expectancy at birth, total (years)",SP.DYN.LE00.IN,58.711,59.455,60.148,60.79,61.306,61.39,60.268,63.011,63.611,63.797
Mauritania,MRT,"Life expectancy at birth, total (years)",SP.DYN.LE00.IN,66.498,66.823,67.088,67.419,67.64,66.794,66.762,68.281,68.484,68.713
Mauritius,MUS,"Life expectancy at birth, total (years)",SP.DYN.LE00.IN,74.35317073,74.39487805,74.51463415,74.41634146,74.23585366,74.17707317,73.6802439,73.51463415,73.41219512,73.78902439
Malawi,MWI,"Life expectancy at birth, total (years)",SP.DYN.LE00.IN,62.324,63.163,63.914,64.464,64.995,65.216,64.782,66.037,67.353,67.561
Malaysia,MYS,"Life expectancy at birth, total (years)",SP.DYN.LE00.IN,75.288,75.371,75.542,75.734,75.9,76.057,73.917,75.444,76.657,76.821
North America,NAC,"Life expectancy at birth, total (years)",SP.DYN.LE00.IN,79.00362547,78.88001038,78.86828828,78.96027679,79.13288972,77.44928308,76.85901964,77.81705992,78.73066874,79.23913987
Namibia,NAM,"Life expectancy at birth, total (years)",SP.DYN.LE00.IN,60.008,60.81,61.661,62.579,63.546,64.071,60.85,64.19,67.385,67.516
New Caledonia,NCL,"Life expectancy at birth, total (years)",SP.DYN.LE00.IN,77.206,77.359,77.504,77.557,77.262,77.049,77.113,77.698,78.766,78.921
Niger,NER,"Life expectancy at birth, total (years)",SP.DYN.LE00.IN,58.85,59.228,59.524,59.765,60.031,59.89,59.542,60.398,61.183,61.433
Nigeria,NGA,"Life expectancy at birth, total (years)",SP.DYN.LE00.IN,51.939,52.189,52.397,52.669,53.009,53.072,53.455,54.079,54.462,54.635
Nicaragua,NIC,"Life expectancy at birth, total (years)",SP.DYN.LE00.IN,72.899,73.18,73.389,73.879,73.764,70.766,70.478,74.463,74.947,75.1
Netherlands,NLD,"Life expectancy at birth, total (years)",SP.DYN.LE00.IN,81.5097561,81.56097561,81.76097561,81.81219512,82.11219512,81.35853659,81.3097561,81.61463415,81.86341463,81.96585366
Norway,NOR,"Life expectancy at birth, total (years)",SP.DYN.LE00.IN,82.30487805,82.40731707,82.6097561,82.75853659,82.95853659,83.2097561,83.16341463,82.5097561,83.01219512,83.16097561
Nepal,NPL,"Life expectancy at birth, total (years)",SP.DYN.LE00.IN,67.374,68.444,68.74,69.036,69.299,69.106,68.385,70.087,70.354,70.636
Nauru,NRU,"Life expectancy at birth, total (years)",SP.DYN.LE00.IN,60.897,60.996,61.101,61.238,61.393,61.527,61.331,61.93,62.109,62.279
New Zealand,NZL,"Life expectancy at birth, total (years)",SP.DYN.LE00.IN,81.61243902,81.65853659,81.85853659,81.70731707,82.05609756,82.25609756,82.20731707,81.95853659,81.75853659,82.0097561
OECD members,OED,"Life expectancy at birth, total (years)",SP.DYN.LE00.IN,79.76194769,79.89142269,79.93091953,80.02803113,80.24492466,78.95786284,78.58672919,79.51700423,80.16291779,80.39839421
Oman,OMN,"Life expectancy at birth, total (years)",SP.DYN.LE00.IN,79.346,79.581,79.748,79.864,79.946,77.763,75.969,77.911,80.031,80.246
Other small states,OSS,"Life expectancy at birth, total (years)",SP.DYN.LE00.IN,71.47579356,71.77073419,72.1178743,72.42178504,72.65701164,72.50970978,71.76997193,72.90622142,73.58498154,73.81379602
Pakistan,PAK,"Life expectancy at birth, total (years)",SP.DYN.LE00.IN,65.641,65.943,66.223,66.481,66.729,65.701,65.773,67.417,67.649,67.799
Panama,PAN,"Life expectancy at birth, total (years)",SP.DYN.LE00.IN,77.583,77.772,77.901,78.266,78.514,76.33,77.004,79.324,79.594,79.775
Peru,PER,"Life expectancy at birth, total (years)",SP.DYN.LE00.IN,75.732,75.951,75.958,76.018,76.275,73.832,71.596,76.834,77.74,77.941
Philippines,PHL,"Life expectancy at birth, total (years)",SP.DYN.LE00.IN,69.45,69.49,69.966,69.761,69.68,70.097,66.675,69.472,69.833,69.946
Palau,PLW,"Life expectancy at birth, total (years)",SP.DYN.LE00.IN,69.07,69.046,69.019,68.989,68.982,68.689,68.563,68.922,69.269,69.383
Papua New Guinea,PNG,"Life expectancy at birth, total (years)",SP.DYN.LE00.IN,64.473,64.7,64.923,65.114,65.331,65.075,64.358,65.274,66.134,66.256
Poland,POL,"Life expectancy at birth, total (years)",SP.DYN.LE00.IN,77.45121951,77.85121951,77.75365854,77.60243902,77.90487805,76.4,75.35121951,77.15609756,78.25853659,78.4097561
Pre-demographic dividend,PRE,"Life expectancy at birth, total (years)",SP.DYN.LE00.IN,58.93635452,59.23642646,59.5403226,60.20753357,60.55685312,60.50135459,60.27532847,61.3833053,62.16363852,62.35432691
Puerto Rico (US),PRI,"Life expectancy at birth, total (years)",SP.DYN.LE00.IN,80.677,80.355,79.07,81.086,81.438,80.009,79.77,79.427,81.69,81.902
"Korea, Dem. People's Rep.",PRK,"Life expectancy at birth, total (years)",SP.DYN.LE00.IN,72.825,72.971,73.034,73.02,72.928,72.783,73.437,73.641,73.642,73.743
Portugal,PRT,"Life expectancy at birth, total (years)",SP.DYN.LE00.IN,81.12439024,81.12439024,81.42439024,81.32439024,81.67560976,81.32926829,81.37804878,81.63170732,82.32926829,82.38292683
Paraguay,PRY,"Life expectancy at birth, total (years)",SP.DYN.LE00.IN,73.454,73.487,73.45,73.627,73.668,72.72,68.108,72.319,73.844,73.982
West Bank and Gaza,PSE,"Life expectancy at birth, total (years)",SP.DYN.LE00.IN,74.577,74.917,75.216,75.38,75.811,74.998,73.89,76.662,65.17,69.213
Pacific island small states,PSS,"Life expectancy at birth, total (years)",SP.DYN.LE00.IN,68.1166096,68.28565086,68.5192875,68.58258879,68.64215783,68.35681088,67.48102092,69.1004349,69.2745949,69.44035694
Post-demographic dividend,PST,"Life expectancy at birth, total (years)",SP.DYN.LE00.IN,80.44005927,80.61119994,80.66482252,80.74411181,80.96991185,80.0657048,79.79328528,80.19247216,80.83416811,81.11220756
French Polynesia,PYF,"Life expectancy at birth, total (years)",SP.DYN.LE00.IN,82.339,82.555,82.774,82.985,83.195,82.459,79.571,83.859,84.07,84.192
Qatar,QAT,"Life expectancy at birth, total (years)",SP.DYN.LE00.IN,81.785,82.147,82.458,82.714,82.945,80.409,81.083,81.857,82.368,82.522
Romania,ROU,"Life expectancy at birth, total (years)",SP.DYN.LE00.IN,74.91219512,75.2097561,75.2097561,75.35853659,75.60731707,74.25365854,72.8097561,75.15365854,76.40487805,76.45853659
Russian Federation,RUS,"Life expectancy at birth, total (years)",SP.DYN.LE00.IN,71.18341463,71.65121951,72.45146341,72.66219512,73.08390244,71.33878049,69.9002439,72.54560976,73.25463415,73.4404878
Rwanda,RWA,"Life expectancy at birth, total (years)",SP.DYN.LE00.IN,65.419,65.733,66.14,66.354,66.691,66.953,66.85,67.528,67.785,68.017
South Asia,SAS,"Life expectancy at birth, total (years)",SP.DYN.LE00.IN,69.51103341,69.91847071,70.29047234,70.6523574,70.99756231,70.3622207,67.82152998,72.01157313,72.32476488,72.55996145
Saudi Arabia,SAU,"Life expectancy at birth, total (years)",SP.DYN.LE00.IN,77.776,78.354,78.721,78.75,78.313,77.596,77.089,77.31,78.732,78.982
Sudan,SDN,"Life expectancy at birth, total (years)",SP.DYN.LE00.IN,64.375,64.677,65.146,65.501,65.803,65.124,64.46,65.695,66.331,66.521
Senegal,SEN,"Life expectancy at birth, total (years)",SP.DYN.LE00.IN,66.451,66.724,67.059,67.379,67.668,67.496,66.868,67.788,68.683,68.924
Singapore,SGP,"Life expectancy at birth, total (years)",SP.DYN.LE00.IN,82.74390244,82.84634146,83.09512195,83.29756098,83.59512195,83.54390244,83.09268293,82.89512195,83.09756098,83.34634146
Solomon Islands,SLB,"Life expectancy at birth, total (years)",SP.DYN.LE00.IN,69.323,69.501,69.652,69.806,69.981,69.258,68.89,70.409,70.528,70.694
Sierra Leone,SLE,"Life expectancy at birth, total (years)",SP.DYN.LE00.IN,55.454,56.937,57.761,59.059,59.593,59.694,60.26,61.275,61.786,61.964
El Salvador,SLV,"Life expectancy at birth, total (years)",SP.DYN.LE00.IN,70.952,70.908,71.007,71.384,71.725,70.244,69.941,71.969,72.099,72.302
San Marino,SMR,"Life expectancy at birth, total (years)",SP.DYN.LE00.IN,84.596,84.775,84.933,85.095,85.257,82.65,83.539,85.708,85.706,85.817
"Somalia, Fed. Rep.",SOM,"Life expectancy at birth, total (years)",SP.DYN.LE00.IN,55.056,55.283,52.19,54.767,57.249,57.095,55.703,53.931,58.816,58.967
Serbia,SRB,"Life expectancy at birth, total (years)",SP.DYN.LE00.IN,75.28780488,75.68780488,75.53902439,75.8902439,75.93658537,74.47804878,72.7804878,75.23658537,76.14146341,75.96829268
Sub-Saharan Africa (excluding high income),SSA,"Life expectancy at birth, total (years)",SP.DYN.LE00.IN,58.92454012,59.32000984,59.63679456,60.25831901,60.6066409,60.62236979,60.17754886,61.28337007,62.06536377,62.25548234
South Sudan,SSD,"Life expectancy at birth, total (years)",SP.DYN.LE00.IN,39.757,36.72,35.351,51.905,58.129,57.648,57.047,57.203,57.617,57.738
Sub-Saharan Africa,SSF,"Life expectancy at birth, total (years)",SP.DYN.LE00.IN,59.39879621,59.81215991,60.15847607,60.7667796,61.12936641,61.16765316,60.70350301,61.85727311,62.60285836,62.80379454
Small states,SST,"Life expectancy at birth, total (years)",SP.DYN.LE00.IN,71.12187705,71.37355076,71.65187524,71.86407356,72.00096073,71.82555528,70.77568259,72.38029723,72.91304002,73.11152725
Sao Tome and Principe,STP,"Life expectancy at birth, total (years)",SP.DYN.LE00.IN,66.023,66.563,67.074,67.602,68.043,67.979,68.026,69.237,69.718,69.905
Suriname,SUR,"Life expectancy at birth, total (years)",SP.DYN.LE00.IN,70.567,70.979,71.247,71.468,71.773,72.321,68.943,73.254,73.631,73.757
Slovak Republic,SVK,"Life expectancy at birth, total (years)",SP.DYN.LE00.IN,76.56341463,77.16585366,77.16585366,77.26585366,77.66585366,76.86585366,74.61463415,76.96585366,78.1195122,78.37073171
Slovenia,SVN,"Life expectancy at birth, total (years)",SP.DYN.LE00.IN,80.77560976,81.17560976,81.02926829,81.37804878,81.52926829,80.53170732,80.67560976,81.28292683,81.92926829,82.28536585
Sweden,SWE,"Life expectancy at birth, total (years)",SP.DYN.LE00.IN,82.20487805,82.30731707,82.4097561,82.55853659,83.1097561,82.35609756,83.05609756,83.05853659,83.3097561,84.06341463
Eswatini,SWZ,"Life expectancy at birth, total (years)",SP.DYN.LE00.IN,54.941,56.228,57.574,58.707,59.85,59.862,58.228,63.028,64.123,64.264
Sint Maarten (Dutch part),SXM,"Life expectancy at birth, total (years)",SP.DYN.LE00.IN,75.899,75.952,75.455,75.693,75.68,75.002,74.505,76.18,76.371,76.528
Seychelles,SYC,"Life expectancy at birth, total (years)",SP.DYN.LE00.IN,74.29512195,74.3097561,74.3,72.84146341,74.04634146,77.23658537,73.39756098,74.5097561,75.4195122,76.29512195
Syrian Arab Republic,SYR,"Life expectancy at birth, total (years)",SP.DYN.LE00.IN,63.265,65.19,65.651,67.371,70.97,71.944,72.418,72.79,72.12,72.56
Turks and Caicos Islands,TCA,"Life expectancy at birth, total (years)",SP.DYN.LE00.IN,77.321,77.437,77.505,77.596,77.691,77.499,77.234,77.918,78.008,78.181
Chad,TCD,"Life expectancy at birth, total (years)",SP.DYN.LE00.IN,51.32,51.603,51.875,52.447,52.993,53.082,53.136,54.528,55.069,55.238
East Asia & Pacific (IDA & IBRD countries),TEA,"Life expectancy at birth, total (years)",SP.DYN.LE00.IN,74.97777684,75.183227,75.26716402,75.61012415,75.80428772,75.73384971,75.30098061,75.96103475,75.90856436,75.98695662
Europe & Central Asia (IDA & IBRD countries),TEC,"Life expectancy at birth, total (years)",SP.DYN.LE00.IN,73.3408133,73.69021098,74.13186818,74.2976622,74.59094626,73.14925125,72.15064068,74.18836548,74.69775854,74.96598197
Togo,TGO,"Life expectancy at birth, total (years)",SP.DYN.LE00.IN,59.23,59.677,60.145,60.608,61.061,61.14,61.337,62.292,62.74,62.935
Thailand,THA,"Life expectancy at birth, total (years)",SP.DYN.LE00.IN,76.563,76.769,76.989,77.19,77.197,77.331,77.606,75.291,76.412,76.564
Tajikistan,TJK,"Life expectancy at birth, total (years)",SP.DYN.LE00.IN,69.665,69.982,70.524,70.737,70.962,68.605,69.594,71.562,71.79,71.927
Turkmenistan,TKM,"Life expectancy at birth, total (years)",SP.DYN.LE00.IN,69.061,69.142,69.19,69.272,69.405,68.846,69.353,69.913,70.073,70.201
Latin America & the Caribbean (IDA & IBRD countries),TLA,"Life expectancy at birth, total (years)",SP.DYN.LE00.IN,74.65059041,74.58947943,74.76141014,74.9760978,75.13197115,73.07474936,71.74492746,74.56842935,75.56992584,75.74473055
Timor-Leste,TLS,"Life expectancy at birth, total (years)",SP.DYN.LE00.IN,65.326,65.61,65.898,66.204,66.496,66.919,66.199,67.368,67.689,67.904
"Middle East, North Africa, Afghanistan & Pakistan (IDA & IBRD)",TMN,"Life expectancy at birth, total (years)",SP.DYN.LE00.IN,69.25153486,69.49618264,69.77724095,70.03684444,70.38009178,69.0090964,68.89310323,70.96543255,71.31945609,71.50352055
Tonga,TON,"Life expectancy at birth, total (years)",SP.DYN.LE00.IN,71.851,71.951,72.066,72.169,72.292,72.379,72.13,72.635,72.895,73.07
South Asia (IDA & IBRD),TSA,"Life expectancy at birth, total (years)",SP.DYN.LE00.IN,69.51103341,69.91847071,70.29047234,70.6523574,70.99756231,70.3622207,67.82152998,72.01157313,72.32476488,72.55996145
Sub-Saharan Africa (IDA & IBRD countries),TSS,"Life expectancy at birth, total (years)",SP.DYN.LE00.IN,59.39879621,59.81215991,60.15847607,60.7667796,61.12936641,61.16765316,60.70350301,61.85727311,62.60285836,62.80379454
Trinidad and Tobago,TTO,"Life expectancy at birth, total (years)",SP.DYN.LE00.IN,72.882,72.935,72.984,72.658,72.836,72.645,71.111,73.331,73.49,73.617
Tunisia,TUN,"Life expectancy at birth, total (years)",SP.DYN.LE00.IN,74.875,75.007,75.177,75.37,75.599,75.004,72.893,76.05,76.508,76.711
Turkiye,TUR,"Life expectancy at birth, total (years)",SP.DYN.LE00.IN,76.539,76.595,77.037,77.454,77.737,76.525,75.722,77.591,77.156,77.421
Tuvalu,TUV,"Life expectancy at birth, total (years)",SP.DYN.LE00.IN,65.365,65.51,65.683,65.871,66.109,66.357,65.824,66.852,67.105,67.259
Tanzania,TZA,"Life expectancy at birth, total (years)",SP.DYN.LE00.IN,63.928,64.404,64.963,65.488,66.007,66.771,66.131,66.879,66.995,67.212
Uganda,UGA,"Life expectancy at birth, total (years)",SP.DYN.LE00.IN,63.831,64.494,65.174,65.775,66.354,66.41,66.45,67.675,68.252,68.487
Ukraine,UKR,"Life expectancy at birth, total (years)",SP.DYN.LE00.IN,72.686,73.389,73.993,73.569,73.92,73.283,71.631,72.658,73.422,74.692
Upper middle income,UMC,"Life expectancy at birth, total (years)",SP.DYN.LE00.IN,75.17529227,75.34019106,75.48076084,75.82174311,76.02912536,75.23126363,74.72737133,76.00895943,76.19472743,76.32258936
Uruguay,URY,"Life expectancy at birth, total (years)",SP.DYN.LE00.IN,77.285,77.351,77.618,77.527,77.503,78.381,75.434,76.468,78.138,78.287
United States,USA,"Life expectancy at birth, total (years)",SP.DYN.LE00.IN,78.6902439,78.53902439,78.53902439,78.63902439,78.78780488,76.9804878,76.32926829,77.43414634,78.38536585,78.8902439
Uzbekistan,UZB,"Life expectancy at birth, total (years)",SP.DYN.LE00.IN,71.33,71.58,71.737,71.999,72.093,71.461,71.681,72.147,72.388,72.528
St. Vincent and the Grenadines,VCT,"Life expectancy at birth, total (years)",SP.DYN.LE00.IN,70.463,70.7,71.013,71.017,70.994,69.605,69.132,71.191,71.23,71.382
"Venezuela, RB",VEN,"Life expectancy at birth, total (years)",SP.DYN.LE00.IN,73.004,72.002,71.903,72.641,72.766,72.369,71.536,72.566,72.514,72.673
British Virgin Islands,VGB,"Life expectancy at birth, total (years)",SP.DYN.LE00.IN,76.558,76.624,75.67,76.728,76.845,76.894,75.297,77.177,77.276,77.431
Virgin Islands (U.S.),VIR,"Life expectancy at birth, total (years)",SP.DYN.LE00.IN,79.01707317,79.16829268,79.36829268,79.5195122,79.66829268,79.8195122,80.06829268,80.3195122,80.5195122,80.77073171
Viet Nam,VNM,"Life expectancy at birth, total (years)",SP.DYN.LE00.IN,73.955,73.984,74.026,74.1,74.211,75.383,74.145,74.502,74.588,74.736
Vanuatu,VUT,"Life expectancy at birth, total (years)",SP.DYN.LE00.IN,70.163,70.397,70.5,70.626,70.783,70.385,69.952,71.302,71.477,71.654
World,WLD,"Life expectancy at birth, total (years)",SP.DYN.LE00.IN,71.96462623,72.18473185,72.36512303,72.64336863,72.86863439,72.18196838,71.21490867,72.96755815,73.3288401,73.48038029
Samoa,WSM,"Life expectancy at birth, total (years)",SP.DYN.LE00.IN,71.06,71.003,70.991,71.052,70.269,70.727,71.096,71.55,71.698,71.826
Kosovo,XKX,"Life expectancy at birth, total (years)",SP.DYN.LE00.IN,76.024,76.748,77.105,77.117,77.249,74.212,74.981,77.623,78.033,78.222
"Yemen, Rep.",YEM,"Life expectancy at birth, total (years)",SP.DYN.LE00.IN,66.761,67.105,67.12,65.915,66.567,66.435,66.019,67.952,69.295,69.439
South Africa,ZAF,"Life expectancy at birth, total (years)",SP.DYN.LE00.IN,64.053,64.749,65.422,65.726,66.071,65.15,62.01,65.454,66.139,66.312
Zambia,ZMB,"Life expectancy at birth, total (years)",SP.DYN.LE00.IN,60.728,61.129,61.564,62.138,62.914,63.361,62.363,65.279,66.349,66.528
Zimbabwe,ZWE,"Life expectancy at birth, total (years)",SP.DYN.LE00.IN,58.989,59.76,60.263,60.906,61.06,61.53,60.135,62.36,62.775,63.064
